{"spec":0,"id":"20240208172113-d44j7tk","name":"帳單","keyValues":[{"key":{"id":"20240208172113-hn7lwco","name":"主键","type":"block","icon":"","numberFormat":"","template":""},"values":[{"id":"20240208172126-ynrrshq","keyID":"20240208172113-hn7lwco","blockID":"20240208172126-neaobxa","type":"block","isDetached":true,"block":{"id":"20240208172126-neaobxa","content":"Vanessa","created":1707384086747,"updated":1707384174445}},{"id":"20240208172240-d3dsy6i","keyID":"20240208172113-hn7lwco","blockID":"20240208172240-uwuu9g9","type":"block","isDetached":true,"block":{"id":"20240208172240-uwuu9g9","content":"Daniel","created":1707384160578,"updated":1707384171749}}]},{"key":{"id":"20240208172135-i3cwvyo","name":"餐飲","type":"number","icon":"","numberFormat":"","template":""},"values":[{"id":"20240208172218-ckk1ev4","keyID":"20240208172135-i3cwvyo","blockID":"20240208172126-neaobxa","type":"number","number":{"content":200,"isNotEmpty":true,"format":"","formattedContent":""}},{"id":"20240208172247-vp8e7wh","keyID":"20240208172135-i3cwvyo","blockID":"20240208172240-uwuu9g9","type":"number","number":{"content":100,"isNotEmpty":true,"format":"","formattedContent":""}}]},{"key":{"id":"20240208172151-pi27t4x","name":"服裝","type":"number","icon":"","numberFormat":"","template":""},"values":[{"id":"20240208172249-lkuwtvh","keyID":"20240208172151-pi27t4x","blockID":"20240208172240-uwuu9g9","type":"number","number":{"content":100,"isNotEmpty":true,"format":"","formattedContent":""}},{"id":"20240208172252-jmq4f98","keyID":"20240208172151-pi27t4x","blockID":"20240208172126-neaobxa","type":"number","number":{"content":200,"isNotEmpty":true,"format":"","formattedContent":""}}]},{"key":{"id":"20240208172201-ray3imv","name":"模板","type":"template","icon":"","numberFormat":"","template":".action{ addf .餐飲 .服裝 }"}}],"viewID":"20240208172113-fg7pq9w","views":[{"id":"20240208172113-fg7pq9w","icon":"","name":"表格","type":"table","table":{"spec":0,"id":"20240208172113-k1s6squ","columns":[{"id":"20240208172113-hn7lwco","wrap":false,"hidden":false,"pin":false,"width":""},{"id":"20240208172135-i3cwvyo","wrap":false,"hidden":false,"pin":false,"width":"106px"},{"id":"20240208172151-pi27t4x","wrap":false,"hidden":false,"pin":false,"width":"119px"},{"id":"20240208172201-ray3imv","wrap":false,"hidden":false,"pin":false,"width":""}],"rowIds":["20240208172126-neaobxa","20240208172240-uwuu9g9"],"filters":[],"sorts":[],"pageSize":50}}]}