{"spec":0,"id":"20240208171654-5egzrvx","name":"作者","keyValues":[{"key":{"id":"20240208171654-pr1t0t1","name":"作者名","type":"block","icon":"","numberFormat":"","template":""},"values":[{"id":"20240208171930-w26w3jn","keyID":"20240208171654-pr1t0t1","blockID":"20240208171929-lje6qns","type":"block","isDetached":true,"block":{"id":"20240208171929-lje6qns","content":"儒勒·凡爾納","created":1707383970101,"updated":1707383985867}},{"id":"20240208171942-11fet7j","keyID":"20240208171654-pr1t0t1","blockID":"20240208171941-crh3hx3","type":"block","isDetached":true,"block":{"id":"20240208171941-crh3hx3","content":"劉慈欣","created":1707383982511,"updated":1707383997024}}]},{"key":{"id":"20240208171851-z6j6nj0","name":"作品","type":"relation","icon":"","numberFormat":"","template":"","relation":{"avID":"20240208171724-zfkzgwi","isTwoWay":true,"backKeyID":"20240208171913-wcpom5u"}},"values":[{"id":"20240208171943-dlhacb4","keyID":"20240208171851-z6j6nj0","blockID":"20240208171929-lje6qns","type":"relation","relation":{"contents":null,"blockIDs":["20240208171751-wmphpet"]}},{"id":"20240208171946-l2fpwi2","keyID":"20240208171851-z6j6nj0","blockID":"20240208171941-crh3hx3","type":"relation","relation":{"contents":null,"blockIDs":["20240208171807-wbmr1ps","20240208171759-zc76r72"]}}]},{"key":{"id":"20240208172002-ur5nb91","name":"作品數","type":"rollup","icon":"","numberFormat":"","template":"","rollup":{"relationKeyID":"20240208171851-z6j6nj0","keyID":"20240208171724-j0vptez","calc":{"operator":"Count all","result":null}}}}],"viewID":"20240208171654-8n7f3og","views":[{"id":"20240208171654-8n7f3og","icon":"","name":"表格","type":"table","table":{"spec":0,"id":"20240208171654-mk6w6id","columns":[{"id":"20240208171654-pr1t0t1","wrap":false,"hidden":false,"pin":false,"width":""},{"id":"20240208171851-z6j6nj0","wrap":false,"hidden":false,"pin":false,"width":""},{"id":"20240208172002-ur5nb91","wrap":false,"hidden":false,"pin":false,"width":""}],"rowIds":["20240208171929-lje6qns","20240208171941-crh3hx3"],"filters":[],"sorts":[],"pageSize":50}}]}