{"spec":0,"id":"20240208171724-zfkzgwi","name":"書籍","keyValues":[{"key":{"id":"20240208171724-j0vptez","name":"書名","type":"block","icon":"","numberFormat":"","template":""},"values":[{"id":"20240208171752-3hl9r6v","keyID":"20240208171724-j0vptez","blockID":"20240208171751-wmphpet","type":"block","isDetached":true,"block":{"id":"20240208171751-wmphpet","content":"海底兩萬裡","created":1707383872161,"updated":1707383918399}},{"id":"20240208171759-dzce6ce","keyID":"20240208171724-j0vptez","blockID":"20240208171759-zc76r72","type":"block","isDetached":true,"block":{"id":"20240208171759-zc76r72","content":"三體","created":1707383879770,"updated":1707383922681}},{"id":"20240208171808-ow0jtt2","keyID":"20240208171724-j0vptez","blockID":"20240208171807-wbmr1ps","type":"block","isDetached":true,"block":{"id":"20240208171807-wbmr1ps","content":"流浪地球","created":1707383888167,"updated":1707383924789}}]},{"key":{"id":"20240208171815-ntngplo","name":"類型","type":"mSelect","icon":"","options":[{"name":"科幻","color":"1"}],"numberFormat":"","template":""},"values":[{"id":"20240208171822-qdegpqa","keyID":"20240208171815-ntngplo","blockID":"20240208171751-wmphpet","type":"mSelect","mSelect":[{"content":"科幻","color":"1"}]},{"id":"20240208171838-yjgucra","keyID":"20240208171815-ntngplo","blockID":"20240208171759-zc76r72","type":"mSelect","mSelect":[{"content":"科幻","color":"1"}]},{"id":"20240208171842-fvr1un7","keyID":"20240208171815-ntngplo","blockID":"20240208171807-wbmr1ps","type":"mSelect","mSelect":[{"content":"科幻","color":"1"}]}]},{"key":{"id":"20240208171913-wcpom5u","name":"作者","type":"relation","icon":"","numberFormat":"","template":"","relation":{"avID":"20240208171654-5egzrvx","isTwoWay":true,"backKeyID":"20240208171851-z6j6nj0"}},"values":[{"id":"20240208171945-gkm51dt","keyID":"20240208171913-wcpom5u","blockID":"20240208171751-wmphpet","type":"relation","relation":{"contents":null,"blockIDs":["20240208171929-lje6qns"]}},{"id":"20240208171948-iq2vtv5","keyID":"20240208171913-wcpom5u","blockID":"20240208171759-zc76r72","type":"relation","relation":{"contents":null,"blockIDs":["20240208171941-crh3hx3"]}},{"id":"20240208171949-8kvqudv","keyID":"20240208171913-wcpom5u","blockID":"20240208171807-wbmr1ps","type":"relation","relation":{"contents":null,"blockIDs":["20240208171941-crh3hx3"]}}]}],"viewID":"20240208171724-mz49zpf","views":[{"id":"20240208171724-mz49zpf","icon":"","name":"表格","type":"table","table":{"spec":0,"id":"20240208171724-dpfg89v","columns":[{"id":"20240208171724-j0vptez","wrap":false,"hidden":false,"pin":false,"width":""},{"id":"20240208171815-ntngplo","wrap":false,"hidden":false,"pin":false,"width":""},{"id":"20240208171913-wcpom5u","wrap":false,"hidden":false,"pin":false,"width":""}],"rowIds":["20240208171751-wmphpet","20240208171759-zc76r72","20240208171807-wbmr1ps"],"filters":[],"sorts":[],"pageSize":50}}]}