{"spec":0,"id":"20240208172719-6qv16cr","name":"Authors","keyValues":[{"key":{"id":"20240208172719-dcyaa50","name":"Author","type":"block","icon":"","numberFormat":"","template":""},"values":[{"id":"20240208173142-62vkxyv","keyID":"20240208172719-dcyaa50","blockID":"20240208173141-pfg9af0","type":"block","isDetached":true,"block":{"id":"20240208173141-pfg9af0","content":"Jules Verne","created":1707384702050,"updated":1707384750725}},{"id":"20240208173214-uhkh41h","keyID":"20240208172719-dcyaa50","blockID":"20240208173214-wks9xgq","type":"block","isDetached":true,"block":{"id":"20240208173214-wks9xgq","content":"Liu Cixin","created":1707384734844,"updated":1707384755489}}]},{"key":{"id":"20240208173132-k3lneyh","name":"Works","type":"relation","icon":"","numberFormat":"","template":"","relation":{"avID":"20240208172742-57vwxqw","isTwoWay":true,"backKeyID":"20240208173226-6666dv2"}},"values":[{"id":"20240208173227-jyglvgf","keyID":"20240208173132-k3lneyh","blockID":"20240208173141-pfg9af0","type":"relation","relation":{"contents":null,"blockIDs":["20240208172930-3n32s4x"]}},{"id":"20240208173230-uz1f153","keyID":"20240208173132-k3lneyh","blockID":"20240208173214-wks9xgq","type":"relation","relation":{"contents":null,"blockIDs":["20240208173054-6k25xnw","20240208173041-9utmfv2"]}}]},{"key":{"id":"20240208173309-m4wvodp","name":"Works count","type":"rollup","icon":"","numberFormat":"","template":"","rollup":{"relationKeyID":"20240208173132-k3lneyh","keyID":"20240208172742-dwysfvj","calc":{"operator":"Count all","result":null}}}}],"viewID":"20240208172719-7h1cj5l","views":[{"id":"20240208172719-7h1cj5l","icon":"","name":"Table","type":"table","table":{"spec":0,"id":"20240208172719-s8xhemo","columns":[{"id":"20240208172719-dcyaa50","wrap":false,"hidden":false,"pin":false,"width":""},{"id":"20240208173132-k3lneyh","wrap":false,"hidden":false,"pin":false,"width":"364px"},{"id":"20240208173309-m4wvodp","wrap":false,"hidden":false,"pin":false,"width":""}],"rowIds":["20240208173141-pfg9af0","20240208173214-wks9xgq"],"filters":[],"sorts":[],"pageSize":50}}]}