{"spec":0,"id":"20240208173528-oq4elsj","name":"Bills","keyValues":[{"key":{"id":"20240208173528-sr9mgm6","name":"Member","type":"block","icon":"","numberFormat":"","template":""},"values":[{"id":"20240208173547-9x0d8po","keyID":"20240208173528-sr9mgm6","blockID":"20240208173547-veq5qz2","type":"block","isDetached":true,"block":{"id":"20240208173547-veq5qz2","content":"Vanessa","created":1707384947609,"updated":1707385000686}},{"id":"20240208173640-2a2sjas","keyID":"20240208173528-sr9mgm6","blockID":"20240208173640-vtvezcd","type":"block","isDetached":true,"block":{"id":"20240208173640-vtvezcd","content":"Daniel","created":1707385000748,"updated":1707385005315}}]},{"key":{"id":"20240208173602-eb1t8f3","name":"Food","type":"number","icon":"","numberFormat":"","template":""},"values":[{"id":"20240208173634-tgqb4mj","keyID":"20240208173602-eb1t8f3","blockID":"20240208173547-veq5qz2","type":"number","number":{"content":200,"isNotEmpty":true,"format":"","formattedContent":""}},{"id":"20240208173642-zmtnj1n","keyID":"20240208173602-eb1t8f3","blockID":"20240208173640-vtvezcd","type":"number","number":{"content":100,"isNotEmpty":true,"format":"","formattedContent":""}}]},{"key":{"id":"20240208173613-63yyflw","name":"Clothing","type":"number","icon":"","numberFormat":"","template":""},"values":[{"id":"20240208173638-mynirul","keyID":"20240208173613-63yyflw","blockID":"20240208173547-veq5qz2","type":"number","number":{"content":200,"isNotEmpty":true,"format":"","formattedContent":""}},{"id":"20240208173643-tqf89zr","keyID":"20240208173613-63yyflw","blockID":"20240208173640-vtvezcd","type":"number","number":{"content":100,"isNotEmpty":true,"format":"","formattedContent":""}}]},{"key":{"id":"20240208173650-jgh4bsl","name":"Template","type":"template","icon":"","numberFormat":"","template":".action{ addf .Food .Clothing }"}}],"viewID":"20240208173528-mypxa3f","views":[{"id":"20240208173528-mypxa3f","icon":"","name":"Table","type":"table","table":{"spec":0,"id":"20240208173528-ys87y7w","columns":[{"id":"20240208173528-sr9mgm6","wrap":false,"hidden":false,"pin":false,"width":""},{"id":"20240208173602-eb1t8f3","wrap":false,"hidden":false,"pin":false,"width":"110px"},{"id":"20240208173613-63yyflw","wrap":false,"hidden":false,"pin":false,"width":"119px"},{"id":"20240208173650-jgh4bsl","wrap":false,"hidden":false,"pin":false,"width":""}],"rowIds":["20240208173547-veq5qz2","20240208173640-vtvezcd"],"filters":[],"sorts":[],"pageSize":50}}]}